Aberto,Total,P2,P3,dow,is_weekend,lag1,lag2,lag7,mm3,mm7,p2_lag1,p3_lag1,target_d1,target_d7
2025-09-02,1153,296,171,1,0,,,,,,,,1073.0,602.0
2025-09-03,1073,41,114,2,0,1153.0,,,,,296.0,171.0,1280.0,678.0
2025-09-04,1280,187,151,3,0,1073.0,1153.0,,,,41.0,114.0,1030.0,522.0
2025-09-05,1030,56,149,4,0,1280.0,1073.0,,1168.6666666666667,,187.0,151.0,455.0,635.0
2025-09-06,455,42,63,5,1,1030.0,1280.0,,1127.6666666666667,,56.0,149.0,369.0,566.0
2025-09-07,369,34,62,6,1,455.0,1030.0,,921.6666666666666,,42.0,63.0,511.0,492.0
2025-09-08,511,55,167,0,0,369.0,455.0,,618.0,,34.0,62.0,602.0,673.0
2025-09-09,602,57,154,1,0,511.0,369.0,1153.0,445.0,838.7142857142857,55.0,167.0,678.0,597.0
2025-09-10,678,79,276,2,0,602.0,511.0,1073.0,494.0,760.0,57.0,154.0,522.0,593.0
2025-09-11,522,42,174,3,0,678.0,602.0,1280.0,597.0,703.5714285714286,79.0,276.0,635.0,600.0
2025-09-12,635,58,259,4,0,522.0,678.0,1030.0,600.6666666666666,595.2857142857143,42.0,174.0,566.0,679.0
2025-09-13,566,23,110,5,1,635.0,522.0,455.0,611.6666666666666,538.8571428571429,58.0,259.0,492.0,717.0
2025-09-14,492,21,72,6,1,566.0,635.0,369.0,574.3333333333334,554.7142857142857,23.0,110.0,673.0,681.0
2025-09-15,673,96,198,0,0,492.0,566.0,511.0,564.3333333333334,572.2857142857143,21.0,72.0,597.0,1431.0
2025-09-16,597,42,174,1,0,673.0,492.0,602.0,577.0,595.4285714285714,96.0,198.0,593.0,893.0
2025-09-17,593,52,187,2,0,597.0,673.0,678.0,587.3333333333334,594.7142857142857,42.0,174.0,600.0,674.0
2025-09-18,600,66,165,3,0,593.0,597.0,522.0,621.0,582.5714285714286,52.0,187.0,679.0,628.0
2025-09-19,679,70,164,4,0,600.0,593.0,635.0,596.6666666666666,593.7142857142857,66.0,165.0,717.0,654.0
2025-09-20,717,73,168,5,1,679.0,600.0,566.0,624.0,600.0,70.0,164.0,681.0,564.0
2025-09-21,681,46,105,6,1,717.0,679.0,492.0,665.3333333333334,621.5714285714286,73.0,168.0,1431.0,505.0
2025-09-22,1431,85,849,0,0,681.0,717.0,673.0,692.3333333333334,648.5714285714286,46.0,105.0,893.0,659.0
2025-09-23,893,250,240,1,0,1431.0,681.0,597.0,943.0,756.8571428571429,85.0,849.0,674.0,773.0
2025-09-24,674,180,182,2,0,893.0,1431.0,593.0,1001.6666666666666,799.1428571428571,250.0,240.0,628.0,733.0
2025-09-25,628,66,155,3,0,674.0,893.0,600.0,999.3333333333334,810.7142857142857,180.0,182.0,654.0,885.0
2025-09-26,654,30,243,4,0,628.0,674.0,679.0,731.6666666666666,814.7142857142857,66.0,155.0,564.0,1063.0
2025-09-27,564,22,109,5,1,654.0,628.0,717.0,652.0,811.1428571428571,30.0,243.0,505.0,740.0
2025-09-28,505,20,72,6,1,564.0,654.0,681.0,615.3333333333334,789.2857142857143,22.0,109.0,659.0,553.0
2025-09-29,659,39,160,0,0,505.0,564.0,1431.0,574.3333333333334,764.1428571428571,20.0,72.0,773.0,723.0
2025-09-30,773,62,191,1,0,659.0,505.0,893.0,576.0,653.8571428571429,39.0,160.0,733.0,1098.0
2025-10-01,733,47,141,2,0,773.0,659.0,674.0,645.6666666666666,636.7142857142857,62.0,191.0,885.0,999.0
2025-10-02,885,110,223,3,0,733.0,773.0,628.0,721.6666666666666,645.1428571428571,47.0,141.0,1063.0,1074.0
2025-10-03,1063,109,323,4,0,885.0,733.0,654.0,797.0,681.8571428571429,110.0,223.0,740.0,1049.0
2025-10-04,740,37,130,5,1,1063.0,885.0,564.0,893.6666666666666,740.2857142857143,109.0,323.0,553.0,540.0
2025-10-05,553,13,103,6,1,740.0,1063.0,505.0,896.0,765.4285714285714,37.0,130.0,723.0,499.0
2025-10-06,723,27,236,0,0,553.0,740.0,659.0,785.3333333333334,772.2857142857143,13.0,103.0,1098.0,627.0
2025-10-07,1098,272,162,1,0,723.0,553.0,773.0,672.0,781.4285714285714,27.0,236.0,999.0,777.0
2025-10-08,999,67,204,2,0,1098.0,723.0,733.0,791.3333333333334,827.8571428571429,272.0,162.0,1074.0,709.0
2025-10-09,1074,93,174,3,0,999.0,1098.0,885.0,940.0,865.8571428571429,67.0,204.0,1049.0,936.0
2025-10-10,1049,140,219,4,0,1074.0,999.0,1063.0,1057.0,892.8571428571429,93.0,174.0,540.0,533.0
2025-10-11,540,12,98,5,1,1049.0,1074.0,740.0,1040.6666666666667,890.8571428571429,140.0,219.0,499.0,615.0
2025-10-12,499,18,72,6,1,540.0,1049.0,553.0,887.6666666666666,862.2857142857143,12.0,98.0,627.0,531.0
2025-10-13,627,72,100,0,0,499.0,540.0,723.0,696.0,854.5714285714286,18.0,72.0,777.0,592.0
2025-10-14,777,100,137,1,0,627.0,499.0,1098.0,555.3333333333334,840.8571428571429,72.0,100.0,709.0,711.0
2025-10-15,709,117,153,2,0,777.0,627.0,999.0,634.3333333333334,795.0,100.0,137.0,936.0,857.0
2025-10-16,936,386,149,3,0,709.0,777.0,1074.0,704.3333333333334,753.5714285714286,117.0,153.0,533.0,756.0
2025-10-17,533,50,121,4,0,936.0,709.0,1049.0,807.3333333333334,733.8571428571429,386.0,149.0,615.0,1022.0
2025-10-18,615,42,99,5,1,533.0,936.0,540.0,726.0,660.1428571428571,50.0,121.0,531.0,599.0
2025-10-19,531,31,101,6,1,615.0,533.0,499.0,694.6666666666666,670.8571428571429,42.0,99.0,592.0,546.0
2025-10-20,592,73,129,0,0,531.0,615.0,627.0,559.6666666666666,675.4285714285714,31.0,101.0,711.0,568.0
2025-10-21,711,77,190,1,0,592.0,531.0,777.0,579.3333333333334,670.4285714285714,73.0,129.0,857.0,678.0
2025-10-22,857,143,182,2,0,711.0,592.0,709.0,611.3333333333334,661.0,77.0,190.0,756.0,616.0
2025-10-23,756,130,182,3,0,857.0,711.0,936.0,720.0,682.1428571428571,143.0,182.0,1022.0,624.0
2025-10-24,1022,209,299,4,0,756.0,857.0,533.0,774.6666666666666,656.4285714285714,130.0,182.0,599.0,764.0
2025-10-25,599,24,74,5,1,1022.0,756.0,615.0,878.3333333333334,726.2857142857143,209.0,299.0,546.0,574.0
2025-10-26,546,31,123,6,1,599.0,1022.0,531.0,792.3333333333334,724.0,24.0,74.0,568.0,556.0
2025-10-27,568,48,120,0,0,546.0,599.0,592.0,722.3333333333334,726.1428571428571,31.0,123.0,678.0,564.0
2025-10-28,678,68,181,1,0,568.0,546.0,711.0,571.0,722.7142857142857,48.0,120.0,616.0,546.0
2025-10-29,616,35,185,2,0,678.0,568.0,857.0,597.3333333333334,718.0,68.0,181.0,624.0,1273.0
2025-10-30,624,43,186,3,0,616.0,678.0,756.0,620.6666666666666,683.5714285714286,35.0,185.0,764.0,529.0
2025-10-31,764,79,298,4,0,624.0,616.0,1022.0,639.3333333333334,664.7142857142857,43.0,186.0,574.0,630.0
2025-11-01,574,58,99,5,1,764.0,624.0,599.0,668.0,627.8571428571429,79.0,298.0,556.0,590.0
2025-11-02,556,44,95,6,1,574.0,764.0,546.0,654.0,624.2857142857143,58.0,99.0,564.0,519.0
2025-11-03,564,84,119,0,0,556.0,574.0,568.0,631.3333333333334,625.7142857142857,44.0,95.0,546.0,665.0
2025-11-04,546,69,133,1,0,564.0,556.0,678.0,564.6666666666666,625.1428571428571,84.0,119.0,1273.0,627.0
2025-11-05,1273,684,225,2,0,546.0,564.0,616.0,555.3333333333334,606.2857142857143,69.0,133.0,529.0,692.0
2025-11-06,529,58,140,3,0,1273.0,546.0,624.0,794.3333333333334,700.1428571428571,684.0,225.0,630.0,621.0
2025-11-07,630,93,165,4,0,529.0,1273.0,764.0,782.6666666666666,686.5714285714286,58.0,140.0,590.0,583.0
2025-11-08,590,50,128,5,1,630.0,529.0,574.0,810.6666666666666,667.4285714285714,93.0,165.0,519.0,546.0
2025-11-09,519,35,69,6,1,590.0,630.0,556.0,583.0,669.7142857142857,50.0,128.0,665.0,538.0
2025-11-10,665,64,209,0,0,519.0,590.0,564.0,579.6666666666666,664.4285714285714,35.0,69.0,627.0,764.0
2025-11-11,627,64,131,1,0,665.0,519.0,546.0,591.3333333333334,678.8571428571429,64.0,209.0,692.0,774.0
2025-11-12,692,107,206,2,0,627.0,665.0,1273.0,603.6666666666666,690.4285714285714,64.0,131.0,621.0,713.0
2025-11-13,621,67,182,3,0,692.0,627.0,529.0,661.3333333333334,607.4285714285714,107.0,206.0,583.0,816.0
2025-11-14,583,58,105,4,0,621.0,692.0,630.0,646.6666666666666,620.5714285714286,67.0,182.0,546.0,920.0
2025-11-15,546,47,71,5,1,583.0,621.0,590.0,632.0,613.8571428571429,58.0,105.0,538.0,892.0
2025-11-16,538,23,69,6,1,546.0,583.0,519.0,583.3333333333334,607.5714285714286,47.0,71.0,764.0,874.0
2025-11-17,764,138,104,0,0,538.0,546.0,665.0,555.6666666666666,610.2857142857143,23.0,69.0,774.0,934.0
2025-11-18,774,89,111,1,0,764.0,538.0,627.0,616.0,624.4285714285714,138.0,104.0,713.0,756.0
2025-11-19,713,52,87,2,0,774.0,764.0,692.0,692.0,645.4285714285714,89.0,111.0,816.0,905.0
2025-11-20,816,243,56,3,0,713.0,774.0,621.0,750.3333333333334,648.4285714285714,52.0,87.0,920.0,771.0
2025-11-21,920,246,155,4,0,816.0,713.0,583.0,767.6666666666666,676.2857142857143,243.0,56.0,892.0,824.0
2025-11-22,892,148,212,5,1,920.0,816.0,546.0,816.3333333333334,724.4285714285714,246.0,155.0,874.0,721.0
2025-11-23,874,55,193,6,1,892.0,920.0,538.0,876.0,773.8571428571429,148.0,212.0,934.0,807.0
2025-11-24,934,112,269,0,0,874.0,892.0,764.0,895.3333333333334,821.8571428571429,55.0,193.0,756.0,998.0
2025-11-25,756,48,203,1,0,934.0,874.0,774.0,900.0,846.1428571428571,112.0,269.0,905.0,782.0
2025-11-26,905,85,282,2,0,756.0,934.0,713.0,854.6666666666666,843.5714285714286,48.0,203.0,771.0,729.0
2025-11-27,771,56,188,3,0,905.0,756.0,816.0,865.0,871.0,85.0,282.0,824.0,744.0
2025-11-28,824,62,237,4,0,771.0,905.0,920.0,810.6666666666666,864.5714285714286,56.0,188.0,721.0,872.0
2025-11-29,721,39,124,5,1,824.0,771.0,892.0,833.3333333333334,850.8571428571429,62.0,237.0,807.0,751.0
2025-11-30,807,91,100,6,1,721.0,824.0,874.0,772.0,826.4285714285714,39.0,124.0,998.0,738.0
2025-12-01,998,198,267,0,0,807.0,721.0,934.0,784.0,816.8571428571429,91.0,100.0,782.0,772.0
2025-12-02,782,67,220,1,0,998.0,807.0,756.0,842.0,826.0,198.0,267.0,729.0,881.0
2025-12-03,729,70,206,2,0,782.0,998.0,905.0,862.3333333333334,829.7142857142857,67.0,220.0,744.0,801.0
2025-12-04,744,45,188,3,0,729.0,782.0,771.0,836.3333333333334,804.5714285714286,70.0,206.0,872.0,741.0
2025-12-05,872,47,252,4,0,744.0,729.0,824.0,751.6666666666666,800.7142857142857,45.0,188.0,751.0,727.0
2025-12-06,751,22,130,5,1,872.0,744.0,721.0,781.6666666666666,807.5714285714286,47.0,252.0,738.0,761.0
2025-12-07,738,54,111,6,1,751.0,872.0,807.0,789.0,811.8571428571429,22.0,130.0,772.0,695.0
2025-12-08,772,74,170,0,0,738.0,751.0,998.0,787.0,802.0,54.0,111.0,881.0,863.0
2025-12-09,881,78,223,1,0,772.0,738.0,782.0,753.6666666666666,769.7142857142857,74.0,170.0,801.0,1076.0
2025-12-10,801,73,178,2,0,881.0,772.0,729.0,797.0,783.8571428571429,78.0,223.0,741.0,1025.0
2025-12-11,741,46,116,3,0,801.0,881.0,744.0,818.0,794.1428571428571,73.0,178.0,727.0,1005.0
2025-12-12,727,45,141,4,0,741.0,801.0,872.0,807.6666666666666,793.7142857142857,46.0,116.0,761.0,839.0
2025-12-13,761,72,193,5,1,727.0,741.0,751.0,756.3333333333334,773.0,45.0,141.0,695.0,984.0
2025-12-14,695,54,173,6,1,761.0,727.0,738.0,743.0,774.4285714285714,72.0,193.0,863.0,1104.0
2025-12-15,863,175,278,0,0,695.0,761.0,772.0,727.6666666666666,768.2857142857143,54.0,173.0,1076.0,1370.0
2025-12-16,1076,54,356,1,0,863.0,695.0,881.0,773.0,781.2857142857143,175.0,278.0,1025.0,1122.0
2025-12-17,1025,46,243,2,0,1076.0,863.0,801.0,878.0,809.1428571428571,54.0,356.0,1005.0,929.0
2025-12-18,1005,101,300,3,0,1025.0,1076.0,741.0,988.0,841.1428571428571,46.0,243.0,839.0,704.0
2025-12-19,839,34,358,4,0,1005.0,1025.0,727.0,1035.3333333333333,878.8571428571429,101.0,300.0,984.0,910.0
2025-12-20,984,64,339,5,1,839.0,1005.0,761.0,956.3333333333334,894.8571428571429,34.0,358.0,1104.0,1027.0
2025-12-21,1104,32,434,6,1,984.0,839.0,695.0,942.6666666666666,926.7142857142857,64.0,339.0,1370.0,829.0
2025-12-22,1370,181,624,0,0,1104.0,984.0,863.0,975.6666666666666,985.1428571428571,32.0,434.0,1122.0,921.0
2025-12-23,1122,83,565,1,0,1370.0,1104.0,1076.0,1152.6666666666667,1057.5714285714287,181.0,624.0,929.0,866.0
2025-12-24,929,35,516,2,0,1122.0,1370.0,1025.0,1198.6666666666667,1064.142857142857,83.0,565.0,704.0,755.0
2025-12-25,704,20,379,3,0,929.0,1122.0,1005.0,1140.3333333333333,1050.4285714285713,35.0,516.0,910.0,
2025-12-26,910,34,420,4,0,704.0,929.0,839.0,918.3333333333334,1007.4285714285714,20.0,379.0,1027.0,
2025-12-27,1027,53,502,5,1,910.0,704.0,984.0,847.6666666666666,1017.5714285714286,34.0,420.0,829.0,
2025-12-28,829,46,391,6,1,1027.0,910.0,1104.0,880.3333333333334,1023.7142857142857,53.0,502.0,921.0,
2025-12-29,921,57,515,0,0,829.0,1027.0,1370.0,922.0,984.4285714285714,46.0,391.0,866.0,
2025-12-30,866,29,468,1,0,921.0,829.0,1122.0,925.6666666666666,920.2857142857143,57.0,515.0,755.0,
2025-12-31,755,15,372,2,0,866.0,921.0,929.0,872.0,883.7142857142857,29.0,468.0,,
